Mizoram,Aizawl
Mizoram,Champhai
Mizoram,Lawngtlai
Mizoram,Serchhip
Mizoram,Hnahthial
Mizoram,Saiha
Mizoram,Kolasib
Mizoram,Mamit
Mizoram,Lunglei
Telangana,Wanaparthy
Telangana,Yadadri Bhuvanagiri
Telangana,Warangal Urban
Telangana,Hyderabad
Telangana,Jagtial
Telangana,Medchal Malkajgiri
Telangana,Bhadradri Kothagudem
Telangana,Peddapalli
Telangana,Karimnagar
Telangana,Nizamabad
Telangana,Siddipet
Telangana,Jayashankar Bhupalapally
Telangana,Vikarabad
Telangana,Nalgonda
Telangana,Khammam
Telangana,Jangaon
Telangana,Rajanna Sircilla
Telangana,Mulugu
Telangana,Ranga Reddy
Telangana,Mahabubabad
Telangana,Nirmal
Telangana,Nagarkurnool
Telangana,Warangal Rural
Telangana,Narayanpet
Telangana,Jogulamba Gadwal
Telangana,Mahabubnagar
Telangana,Mancherial
Telangana,Komaram Bheem
Telangana,Sangareddy
Telangana,Suryapet
Telangana,Kamareddy
Telangana,Adilabad
Telangana,Medak
Tripura,Dhalai
Tripura,Sipahijala
Tripura,Khowai
Tripura,Unokoti
Tripura,North Tripura
Tripura,West Tripura
Tripura,Gomati
Tripura,South Tripura
Rajasthan,Bharatpur
Rajasthan,Churu
Rajasthan,Sawai Madhopur
Rajasthan,Karauli
Rajasthan,Chittorgarh
Rajasthan,Hanumangarh
Rajasthan,Kota
Rajasthan,Sirohi
Rajasthan,Bundi
Rajasthan,Jhalawar
Rajasthan,Udaipur
Rajasthan,Banswara
Rajasthan,Ganganagar
Rajasthan,Jodhpur
Rajasthan,Bhilwara
Rajasthan,Pratapgarh
Rajasthan,Dungarpur
Rajasthan,Bikaner
Rajasthan,Baran
Rajasthan,Rajsamand
Rajasthan,Jhunjhunu
Rajasthan,Barmer
Rajasthan,Jalore
Rajasthan,Sikar
Rajasthan,Tonk
Rajasthan,Pali
Rajasthan,Ajmer
Rajasthan,Alwar
Rajasthan,Nagaur
Rajasthan,Dausa
Rajasthan,Jaipur
Rajasthan,Jaisalmer
Rajasthan,Dholpur
Odisha,Koraput
Odisha,Subarnapur
Odisha,Balasore
Odisha,Puri
Odisha,Sambalpur
Odisha,Kalahandi
Odisha,Jagatsinghpur
Odisha,Kendujhar
Odisha,Jharsuguda
Odisha,Malkangiri
Odisha,Deogarh
Odisha,Ganjam
Odisha,Balangir
Odisha,Mayurbhanj
Odisha,Jajpur
Odisha,Nayagarh
Odisha,Dhenkanal
Odisha,Cuttack
Odisha,Boudh
Odisha,Nuapada
Odisha,Bhadrak
Odisha,Angul
Odisha,Nabarangapur
Odisha,Sundargarh
Odisha,Gajapati
Odisha,Kendrapara
Odisha,Bargarh
Odisha,Khordha
Odisha,Kandhamal
Odisha,Rayagada
Himachal Pradesh,Solan
Himachal Pradesh,Sirmaur
Himachal Pradesh,Chamba
Himachal Pradesh,Bilaspur
Himachal Pradesh,Shimla
Himachal Pradesh,Hamirpur
Himachal Pradesh,Lahaul and Spiti
Himachal Pradesh,Kinnaur
Himachal Pradesh,Mandi
Himachal Pradesh,Una
Himachal Pradesh,Kangra
Himachal Pradesh,Kullu
Dadra and Nagar Haveli and Daman and Diu,Diu
Dadra and Nagar Haveli and Daman and Diu,Dadra and Nagar Haveli
Dadra and Nagar Haveli and Daman and Diu,Daman
Nagaland,Dimapur
Nagaland,Tuensang
Nagaland,Zunheboto
Nagaland,Mon
Nagaland,Mokokchung
Nagaland,Peren
Nagaland,Kohima
Nagaland,Kiphire
Nagaland,Phek
Nagaland,Wokha
Jharkhand,Giridih
Jharkhand,Bokaro
Jharkhand,Dumka
Jharkhand,Gumla
Jharkhand,Ramgarh
Jharkhand,Deoghar
Jharkhand,West Singhbhum
Jharkhand,Godda
Jharkhand,Latehar
Jharkhand,East Singhbhum
Jharkhand,Ranchi
Jharkhand,Pakur
Jharkhand,Koderma
Jharkhand,Simdega
Jharkhand,Lohardaga
Jharkhand,Sahibganj
Jharkhand,Chatra
Jharkhand,Khunti
Jharkhand,Saraikela-Kharsawan
Jharkhand,Jamtara
Jharkhand,Hazaribagh
Jharkhand,Garhwa
Jharkhand,Dhanbad
Jharkhand,Palamu
Bihar,Rohtas
Bihar,Supaul
Bihar,Khagaria
Bihar,Begusarai
Bihar,Arwal
Bihar,Kishanganj
Bihar,Saharsa
Bihar,Darbhanga
Bihar,West Champaran
Bihar,Purnia
Bihar,Sheikhpura
Bihar,Lakhisarai
Bihar,Banka
Bihar,Katihar
Bihar,Nawada
Bihar,Sheohar
Bihar,Patna
Bihar,Buxar
Bihar,Jamui
Bihar,Aurangabad
Bihar,Araria
Bihar,Bhagalpur
Bihar,Madhubani
Bihar,Sitamarhi
Bihar,Siwan
Bihar,Bhojpur
Bihar,Gopalganj
Bihar,Vaishali
Bihar,Munger
Bihar,Jehanabad
Bihar,Samastipur
Bihar,Madhepura
Bihar,Gaya
Bihar,Muzaffarpur
Bihar,Nalanda
Bihar,Kaimur
Bihar,Saran
Bihar,East Champaran
Puducherry,Karaikal
Puducherry,Yanam
Puducherry,Mahe
Puducherry,Puducherry
Jammu and Kashmir,Shopiyan
Jammu and Kashmir,Udhampur
Jammu and Kashmir,Bandipora
Jammu and Kashmir,Punch
Jammu and Kashmir,Pulwama
Jammu and Kashmir,Samba
Jammu and Kashmir,Ganderbal
Jammu and Kashmir,Rajouri
Jammu and Kashmir,Ramban
Jammu and Kashmir,Budgam
Jammu and Kashmir,Kupwara
Jammu and Kashmir,Baramulla
Jammu and Kashmir,Kulgam
Jammu and Kashmir,Jammu
Jammu and Kashmir,Doda
Jammu and Kashmir,Anantnag
Jammu and Kashmir,Reasi
Jammu and Kashmir,Kathua
Jammu and Kashmir,Kishtwar
Jammu and Kashmir,Srinagar
Chandigarh,Chandigarh
Uttar Pradesh,Sonbhadra
Uttar Pradesh,Basti
Uttar Pradesh,Hardoi
Uttar Pradesh,Varanasi
Uttar Pradesh,Lucknow
Uttar Pradesh,Muzaffarnagar
Uttar Pradesh,Firozabad
Uttar Pradesh,Amethi
Uttar Pradesh,Agra
Uttar Pradesh,Barabanki
Uttar Pradesh,Mahoba
Uttar Pradesh,Ghazipur
Uttar Pradesh,Deoria
Uttar Pradesh,Mau
Uttar Pradesh,Kasganj
Uttar Pradesh,Sitapur
Uttar Pradesh,Ayodhya
Uttar Pradesh,Chandauli
Uttar Pradesh,Jalaun
Uttar Pradesh,Etawah
Uttar Pradesh,Jaunpur
Uttar Pradesh,Moradabad
Uttar Pradesh,Kushinagar
Uttar Pradesh,Amroha
Uttar Pradesh,Ambedkar Nagar
Uttar Pradesh,Saharanpur
Uttar Pradesh,Bareilly
Uttar Pradesh,Bijnor
Uttar Pradesh,Meerut
Uttar Pradesh,Gorakhpur
Uttar Pradesh,Ghaziabad
Uttar Pradesh,Bulandshahr
Uttar Pradesh,Pilibhit
Uttar Pradesh,Fatehpur
Uttar Pradesh,Hamirpur
Uttar Pradesh,Mathura
Uttar Pradesh,Banda
Uttar Pradesh,Etah
Uttar Pradesh,Baghpat
Uttar Pradesh,Bhadohi
Uttar Pradesh,Pratapgarh
Uttar Pradesh,Shamli
Uttar Pradesh,Maharajganj
Uttar Pradesh,Kaushambi
Uttar Pradesh,Gonda
Uttar Pradesh,Sambhal
Uttar Pradesh,Shrawasti
Uttar Pradesh,Unnao
Uttar Pradesh,Mainpuri
Uttar Pradesh,Rae Bareli
Uttar Pradesh,Rampur
Uttar Pradesh,Sultanpur
Uttar Pradesh,Farrukhabad
Uttar Pradesh,Ballia
Uttar Pradesh,Shahjahanpur
Uttar Pradesh,Jhansi
Uttar Pradesh,Lalitpur
Uttar Pradesh,Hapur
Uttar Pradesh,Azamgarh
Uttar Pradesh,Bahraich
Uttar Pradesh,Budaun
Uttar Pradesh,Lakhimpur Kheri
Uttar Pradesh,Gautam Buddha Nagar
Uttar Pradesh,Auraiya
Uttar Pradesh,Kanpur Dehat
Uttar Pradesh,Kanpur Nagar
Uttar Pradesh,Hathras
Uttar Pradesh,Kannauj
Uttar Pradesh,Siddharthnagar
Uttar Pradesh,Prayagraj
Uttar Pradesh,Balrampur
Uttar Pradesh,Chitrakoot
Uttar Pradesh,Mirzapur
Uttar Pradesh,Sant Kabir Nagar
Uttar Pradesh,Aligarh
Tamil Nadu,Coimbatore
Tamil Nadu,Chengalpattu
Tamil Nadu,Ariyalur
Tamil Nadu,Ranipet
Tamil Nadu,Kancheepuram
Tamil Nadu,Thoothukkudi
Tamil Nadu,Chennai
Tamil Nadu,Dindigul
Tamil Nadu,Namakkal
Tamil Nadu,Viluppuram
Tamil Nadu,Erode
Tamil Nadu,Tiruchirappalli
Tamil Nadu,Thiruvallur
Tamil Nadu,Pudukkottai
Tamil Nadu,Tiruvannamalai
Tamil Nadu,Tiruppur
Tamil Nadu,Ramanathapuram
Tamil Nadu,Virudhunagar
Tamil Nadu,Kanyakumari
Tamil Nadu,Tirunelveli
Tamil Nadu,Tirupathur
Tamil Nadu,Thanjavur
Tamil Nadu,Kallakurichi
Tamil Nadu,Karur
Tamil Nadu,Nagapattinam
Tamil Nadu,Madurai
Tamil Nadu,Theni
Tamil Nadu,Nilgiris
Tamil Nadu,Railway Quarantine
Tamil Nadu,Salem
Tamil Nadu,Cuddalore
Tamil Nadu,Sivaganga
Tamil Nadu,Thiruvarur
Tamil Nadu,Vellore
Tamil Nadu,Dharmapuri
Tamil Nadu,Krishnagiri
Tamil Nadu,Perambalur
Tamil Nadu,Tenkasi
Madhya Pradesh,Burhanpur
Madhya Pradesh,Sheopur
Madhya Pradesh,Dewas
Madhya Pradesh,Ujjain
Madhya Pradesh,Satna
Madhya Pradesh,Indore
Madhya Pradesh,Sidhi
Madhya Pradesh,Sagar
Madhya Pradesh,Dhar
Madhya Pradesh,Shivpuri
Madhya Pradesh,Sehore
Madhya Pradesh,Chhatarpur
Madhya Pradesh,Seoni
Madhya Pradesh,Dindori
Madhya Pradesh,Jhabua
Madhya Pradesh,Gwalior
Madhya Pradesh,Chhindwara
Madhya Pradesh,Bhind
Madhya Pradesh,Singrauli
Madhya Pradesh,Bhopal
Madhya Pradesh,Panna
Madhya Pradesh,Hoshangabad
Madhya Pradesh,Niwari
Madhya Pradesh,Anuppur
Madhya Pradesh,Barwani
Madhya Pradesh,Umaria
Madhya Pradesh,Jabalpur
Madhya Pradesh,Rewa
Madhya Pradesh,Khargone
Madhya Pradesh,Betul
Madhya Pradesh,Datia
Madhya Pradesh,Katni
Madhya Pradesh,Ashoknagar
Madhya Pradesh,Shahdol
Madhya Pradesh,Agar Malwa
Madhya Pradesh,Tikamgarh
Madhya Pradesh,Khandwa
Madhya Pradesh,Vidisha
Madhya Pradesh,Ratlam
Madhya Pradesh,Rajgarh
Madhya Pradesh,Alirajpur
Madhya Pradesh,Damoh
Madhya Pradesh,Mandsaur
Madhya Pradesh,Balaghat
Madhya Pradesh,Narsinghpur
Madhya Pradesh,Neemuch
Madhya Pradesh,Raisen
Madhya Pradesh,Harda
Madhya Pradesh,Mandla
Madhya Pradesh,Shajapur
Madhya Pradesh,Morena
Madhya Pradesh,Guna
Haryana,Panchkula
Haryana,Karnal
Haryana,Mahendragarh
Haryana,Kaithal
Haryana,Bhiwani
Haryana,Jhajjar
Haryana,Faridabad
Haryana,Sonipat
Haryana,Sirsa
Haryana,Yamunanagar
Haryana,Palwal
Haryana,Rewari
Haryana,Fatehabad
Haryana,Panipat
Haryana,Kurukshetra
Haryana,Gurugram
Haryana,Ambala
Haryana,Nuh
Haryana,Hisar
Haryana,Rohtak
Haryana,Charkhi Dadri
Haryana,Jind
Andhra Pradesh,West Godavari
Andhra Pradesh,Vizianagaram
Andhra Pradesh,S.P.S. Nellore
Andhra Pradesh,East Godavari
Andhra Pradesh,Prakasam
Andhra Pradesh,Kurnool
Andhra Pradesh,Krishna
Andhra Pradesh,Srikakulam
Andhra Pradesh,Anantapur
Andhra Pradesh,Guntur
Andhra Pradesh,Chittoor
Andhra Pradesh,Visakhapatnam
Andhra Pradesh,Y.S.R. Kadapa
Kerala,Alappuzha
Kerala,KAsaragod
Kerala,Idukki
Kerala,Thiruvananthapuram
Kerala,Kozhikode
Kerala,Kannur
Kerala,Thrissur
Kerala,Malappuram
Kerala,Kottayam
Kerala,Kasaragod
Kerala,Wayanad
Kerala,Pathanamthitta
Kerala,Ernakulam
Kerala,Kollam
Kerala,Palakkad
Goa,South Goa
Goa,North Goa
Maharashtra,Latur
Maharashtra,Mumbai
Maharashtra,Nashik
Maharashtra,Gadchiroli
Maharashtra,Jalgaon
Maharashtra,Washim
Maharashtra,Hingoli
Maharashtra,Sangli
Maharashtra,Solapur
Maharashtra,Ahmednagar
Maharashtra,Raigad
Maharashtra,Wardha
Maharashtra,Unknown
Maharashtra,Akola
Maharashtra,Nagpur
Maharashtra,Chandrapur
Maharashtra,Aurangabad
Maharashtra,Beed
Maharashtra,Buldhana
Maharashtra,Satara
Maharashtra,Bhandara
Maharashtra,Yavatmal
Maharashtra,Nanded
Maharashtra,Gondia
Maharashtra,Nandurbar
Maharashtra,Jalna
Maharashtra,Ratnagiri
Maharashtra,Parbhani
Maharashtra,Thane
Maharashtra,Amravati
Maharashtra,Pune
Maharashtra,Osmanabad
Maharashtra,Sindhudurg
Maharashtra,Dhule
Maharashtra,Palghar
Maharashtra,Kolhapur
Karnataka,Ballari
Karnataka,RAICHUR
Karnataka,UTTARA KANNADA
Karnataka,Ramanagara
Karnataka,Bagalkote
Karnataka,Chitradurga
Karnataka,Yadgir
Karnataka,MANDYA
Karnataka,Dakshina Kannada
Karnataka,Hassan
Karnataka,Koppal
Karnataka,Chikkamagaluru
Karnataka,Tumakuru
Karnataka,HAVERI
Karnataka,UDUPI
Karnataka,Dharwad
Karnataka,Uttara Kannada
Karnataka,KOPPAL
Karnataka,Udupi
Karnataka,Haveri
Karnataka,Kolar
Karnataka,Chikkaballapura
Karnataka,HASSAN
Karnataka,BAGALKOTE
Karnataka,Shivamogga
Karnataka,Raichur
Karnataka,Belagavi
Karnataka,Bengaluru Rural
Karnataka,Mysuru
Karnataka,Bengaluru urban
Karnataka,Mandya
Karnataka,KALABURAGI
Karnataka,Bidar
Karnataka,Chamarajanagara
Karnataka,Kalaburagi
Karnataka,Davanagere
Karnataka,Bengaluru Urban
Karnataka,DAKSHINA KANNADA
Karnataka,Gadag
Karnataka,Kodagu
Karnataka,Vijayapura
Manipur,Ukhrul
Manipur,Imphal West
Manipur,Tamenglong
Manipur,Kangpokpi
Manipur,Bishnupur
Manipur,Pherzawl
Manipur,Senapati
Manipur,Imphal East
Manipur,CAPF Personnel
Manipur,Kakching
Manipur,Jiribam
Manipur,Chandel
Manipur,Churachandpur
Manipur,Thoubal
Manipur,Noney
Manipur,Kamjong
West Bengal,Kolkata
West Bengal,Purulia
West Bengal,Howrah
West Bengal,Paschim Bardhaman
West Bengal,Murshidabad
West Bengal,Purba Bardhaman
West Bengal,Dakshin Dinajpur
West Bengal,Jalpaiguri
West Bengal,Nadia
West Bengal,Hooghly
West Bengal,North 24 Parganas
West Bengal,Birbhum
West Bengal,Uttar Dinajpur
West Bengal,South 24 Parganas
West Bengal,Darjeeling
West Bengal,Purba Medinipur
West Bengal,Alipurduar
West Bengal,Jhargram
West Bengal,Paschim Medinipur
West Bengal,Kalimpong
West Bengal,Bankura
West Bengal,Cooch Behar
West Bengal,Malda
Assam,Tinsukia
Assam,Jorhat
Assam,Dhubri
Assam,Kamrup Metropolitan
Assam,Karbi Anglong
Assam,Morigaon
Assam,Golaghat
Assam,Kishanganj
Assam,South Salmara Mankachar
Assam,Dibrugarh
Assam,Darrang
Assam,Hailakandi
Assam,Sivasagar
Assam,Bongaigaon
Assam,Kokrajhar
Assam,Goalpara
Assam,Sonitpur
Assam,Karimganj
Assam,Barpeta
Assam,Cachar
Assam,Baksa
Assam,West Karbi Anglong
Assam,Hojai
Assam,Chirang
Assam,Dima Hasao
Assam,Lakhimpur
Assam,Majuli
Assam,Charaideo
Assam,Biswanath
Assam,Nalbari
Assam,Dhemaji
Assam,Udalguri
Assam,Kamrup
Assam,Nagaon
Gujarat,Vadodara
Gujarat,Navsari
Gujarat,tapi
Gujarat,Surendranagar
Gujarat,Narmada
Gujarat,Junagadh
Gujarat,Porbandar
Gujarat,Panchmahal
Gujarat,Anand
Gujarat,Sabarkantha
Gujarat,Bharuch
Gujarat,Ahmedabad
Gujarat,porbandar
Gujarat,Chhota Udaipur
Gujarat,Patan
Gujarat,Valsad
Gujarat,Rajkot
Gujarat,Mehsana
Gujarat,Morbi
Gujarat,Tapi
Gujarat,Jamnagar
Gujarat,Dahod
Gujarat,Gandhinagar
Gujarat,Amreli
Gujarat,Bhavnagar
Gujarat,Kheda
Gujarat,Aravalli
Gujarat,Botad
Gujarat,Gir Somnath
Gujarat,Dang
Gujarat,Devbhumi Dwarka
Gujarat,Mahisagar
Gujarat,Surat
Gujarat,Banaskantha
Gujarat,Kutch
Chhattisgarh,Narayanpur
Chhattisgarh,Bametara
Chhattisgarh,Kabeerdham
Chhattisgarh,Dhamtari
Chhattisgarh,Surajpur
Chhattisgarh,Janjgir Champa
Chhattisgarh,Kondagaon
Chhattisgarh,Bastar
Chhattisgarh,Baloda Bazar
Chhattisgarh,Raigarh
Chhattisgarh,Durg
Chhattisgarh,Rajnandgaon
Chhattisgarh,Mungeli
Chhattisgarh,Mahasamund
Chhattisgarh,Surguja
Chhattisgarh,Koriya
Chhattisgarh,Bilaspur
Chhattisgarh,Raipur
Chhattisgarh,Dakshin Bastar Dantewada
Chhattisgarh,Balod
Chhattisgarh,Jashpur
Chhattisgarh,Gaurela Pendra Marwahi
Chhattisgarh,Uttar Bastar Kanker
Chhattisgarh,Bijapur
Chhattisgarh,Gariaband
Chhattisgarh,Korba
Chhattisgarh,Balrampur
Chhattisgarh,Sukma
Ladakh,Kargil
Ladakh,Leh
Punjab,Kapurthala
Punjab,Moga
Punjab,Ludhiana
Punjab,Patiala
Punjab,Sangrur
Punjab,S.A.S. Nagar
Punjab,Tarn Taran
Punjab,Rupnagar
Punjab,Pathankot
Punjab,Bathinda
Punjab,Sri Muktsar Sahib
Punjab,Fazilka
Punjab,Ferozepur
Punjab,Mansa
Punjab,Gurdaspur
Punjab,Fatehgarh Sahib
Punjab,Barnala
Punjab,Jalandhar
Punjab,Faridkot
Punjab,Amritsar
Punjab,Shahid Bhagat Singh Nagar
Punjab,Hoshiarpur
Arunachal Pradesh,Lower Siang
Arunachal Pradesh,Shi Yomi
Arunachal Pradesh,Papum Pare
Arunachal Pradesh,Upper Siang
Arunachal Pradesh,West Siang
Arunachal Pradesh,Changlang
Arunachal Pradesh,Pakke Kessang
Arunachal Pradesh,Lower Subansiri
Arunachal Pradesh,East Siang
Arunachal Pradesh,Upper Dibang Valley
Arunachal Pradesh,Upper Subansiri
Arunachal Pradesh,Lepa Rada
Arunachal Pradesh,Siang
Arunachal Pradesh,West Kameng
Arunachal Pradesh,Tirap
Arunachal Pradesh,Longding
Arunachal Pradesh,Tawang
Arunachal Pradesh,East Kameng
Arunachal Pradesh,Namsai
Arunachal Pradesh,Lohit
Arunachal Pradesh,Lower Dibang Valley
Arunachal Pradesh,Kamle
Arunachal Pradesh,Anjaw
Uttarakhand,Tehri Garhwal
Uttarakhand,Rudraprayag
Uttarakhand,Dehradun
Uttarakhand,Pithoragarh
Uttarakhand,Udham Singh Nagar
Uttarakhand,Bageshwar
Uttarakhand,Nainital
Uttarakhand,Champawat
Uttarakhand,Pauri Garhwal
Uttarakhand,Almora
Uttarakhand,Haridwar
Uttarakhand,Uttarkashi
Uttarakhand,Chamoli
Sikkim,East Sikkim
Meghalaya,East Jaintia Hills
Meghalaya,West Jaintia Hills
Meghalaya,South Garo Hills
Meghalaya,East Garo Hills
Meghalaya,West Khasi Hills
Meghalaya,West Garo Hills
Meghalaya,South West Khasi Hills
Meghalaya,South West Garo Hills
Meghalaya,East Khasi Hills
Meghalaya,North Garo Hills
Meghalaya,Ribhoi
